1,-10468,-7860,12348,-2675,-1068,-5469
2,3376,17728,26492,-32768,-18137,27520
3,-1268,-10892,17316,32767,19806,-3762
4,-796,-5092,19108,-30186,-13168,-2880
5,8976,2000,21500,-32768,-1046,17304
6,1288,-212,28996,32767,5682,-15156
7,-748,-6172,15356,-30355,-9542,-2428
8,7624,3212,26768,-31263,-2832,12655
9,4300,-16212,19664,32767,7153,-2781
10,2272,-1780,18520,-32768,-2330,6162
11,5852,1108,31504,32767,5912,-4754
12,2976,-2324,17100,-26059,-3889,-3829
13,7048,3960,30304,32767,8791,-6962
14,1952,-5040,13484,-32768,-8502,-3718
15,6468,3724,32767,32767,13335,-12506
16,1088,-13076,16508,-14568,-8205,1709
17,3616,5212,32020,-17883,-1129,9094
18,3176,-10852,19056,22423,210,-5208
19,3896,1124,26344,-32768,-2120,14065
20,3988,-13908,20184,23320,-1884,-7533
21,7504,-1344,24328,-32768,-4466,12877
22,3732,-7652,19100,32767,3485,-8322
23,5016,-5076,19776,-32768,-1495,10416
24,3656,-7156,28044,32767,2971,-6459
25,2216,-3532,16056,-28649,4983,10746
26,6036,-6056,32767,32767,4377,-12358
27,1684,-2932,13108,-21771,2415,6543
28,4148,5368,32767,-12450,-857,5108
29,2048,-4516,21364,16911,-1377,-2604
30,3752,-4040,21932,-13917,-2075,3819
31,4548,-11300,32360,28339,1587,-4763
32,4460,-1464,15500,-18113,529,6553
33,5600,-1868,32767,8099,-902,-1161
34,4036,-8964,26120,26479,2030,-4088
35,2300,-2272,21828,-3297,-244,3552
36,1872,-10572,32767,32767,5262,-4498
37,320,-5012,17268,-9294,4321,11509
38,1920,-4008,32116,32767,-1654,-5196
39,2424,-8504,20560,7581,-5045,-5312
40,13172,-3936,17176,-32768,12458,-269
41,-6520,-15928,19876,29160,-16233,-28149
42,2832,-2660,16860,-32043,4562,15052
43,-28,4312,32767,-11304,-1460,7869
44,-6804,-8264,16692,-7927,-15321,-8633
45,7416,-1088,20040,-32768,-2398,14005
46,3168,-4984,29504,32767,-142,-8908
47,2676,-8252,26728,22090,3313,-2255
48,1228,-13544,20736,7281,-5755,-7520
49,4704,-2900,16688,-32768,273,8839
50,5284,-5276,26828,32767,-1347,-11953
51,4760,-8932,23292,13385,-447,-3168
52,4732,-5072,18824,-30942,-1375,5825
53,4560,-11424,23968,32767,5565,-4185
54,2192,-10604,17592,-27263,789,7365
55,5524,-7864,24208,32767,5532,-6112
56,2980,-6172,15300,-32768,-4766,2934
57,3424,6856,32767,26435,6985,-5883
58,2156,-8644,13280,-10493,-6708,-3555
59,4668,8900,32652,-32768,1147,6851
60,3060,-18084,17316,32767,642,-5766
61,7512,-6048,19124,-32768,-11100,12053
62,968,-2684,31172,32767,13659,-10138
63,3544,-12972,18872,16797,-414,-4635
64,5128,-6832,19068,-32768,-8531,7846
65,3248,496,31904,26415,7029,-4798
66,3960,-13672,17744,10921,-1333,-5518
67,5236,-1844,19948,-32768,-6216,12245
68,7664,-5868,27864,32767,7839,-12957
69,2636,-13612,19572,135,2067,1792
70,7412,-5740,19528,-27748,-5947,4214
71,3216,1668,29452,-21763,-2453,3826
72,1444,-12368,20820,32767,490,-3162
73,4380,-7096,17232,-32768,-2591,3287
74,5788,1084,29320,-18141,-569,312
75,3792,-5704,26712,12728,2326,-1701
76,5056,-7720,19716,1169,1250,-649
77,5372,-6296,25120,4484,1805,-1342
78,3100,-7616,23368,3827,1951,74
79,4032,-7104,23740,3744,-1524,1400
80,1368,-1808,27760,20452,-4635,-6328
81,5456,-360,24892,3334,102,-2188
82,5580,80,24760,539,655,6436
83,4548,-180,28220,22663,8860,-9666
84,6228,1588,25224,-430,348,-4138
85,3576,1196,24180,-4222,3189,5905
86,-1864,3448,32767,-393,-4765,2187
87,5704,1280,17468,-6191,-4851,-7804
88,-932,788,32767,5812,10100,2478
89,5008,1620,20228,-32768,-5991,10054
90,5844,-964,29260,32767,5165,-13579
91,1660,-8352,18224,-16864,-4,-3583
92,3796,1796,32767,-9673,-100,5437
93,428,-7108,16808,-2253,-11591,-6739
94,5736,-4192,23596,-32768,7495,18922
95,4396,-9348,23500,32767,4949,-8999
96,2352,-5520,18596,-21704,720,-1305
97,4636,2392,32767,-11782,-2462,3656
98,5140,-6764,21908,26632,-2033,-3978
99,3552,-3212,24036,-21443,-4627,3647
100,5020,-6776,23856,18973,-2985,2836
101,4408,-476,25460,-14715,-4695,1656
102,4356,-6572,23292,17177,4053,-6077
103,-2392,-2632,26348,6598,13746,9563
104,7528,-4700,14792,-32768,1181,9974
105,-956,7616,32767,30312,32767,-7541
106,2368,-10116,14436,-19886,-4396,-6691
107,2648,-1064,25972,-26879,-9603,10530
108,1412,-11296,19804,19657,-2892,-2507
109,5388,-6068,18572,-26955,-561,5693
110,9172,-16980,28500,32767,2036,-16273
111,968,-2308,15720,-12285,-1833,6339
112,3412,-160,27592,-25428,-7240,10108
113,2172,-2316,18552,-1228,-3173,-5673
114,3528,-6144,24632,-4793,1687,3036
115,7076,-11160,21068,26592,491,-9132
116,4948,-3736,21948,-10876,1413,3772
117,10188,-15396,32767,32256,4332,-7276
118,3660,-6616,20804,-698,-225,-418
119,4364,-5028,23928,1642,-1413,445
120,5392,-5236,23932,85,19,-1063
121,5032,-4872,24092,274,-140,-87
122,5336,-5108,23748,527,6,-85
123,5384,-4748,23992,529,-572,542
124,5156,-4768,24020,409,-86,227
125,5652,-4452,24100,-1835,1241,-626
126,5448,-5808,24172,-1723,-878,2466
127,4936,-5224,23860,-594,-259,166
128,5140,-4864,23996,99,-333,17
129,4388,-3904,26596,13,3931,-262
130,4888,-7064,20260,8582,-3123,-3457
131,4632,-5684,22832,-12590,3034,685
132,5176,-8504,32767,32767,12573,-8834
133,4724,-4728,10784,-7226,1713,-4053
134,2280,-2176,26536,-32768,-4556,7236
135,5756,-13288,25280,32767,4979,-2635
136,10268,-4820,11388,-22822,-2800,4662
137,7164,-7212,20924,-32768,-14388,5195
138,4028,-3932,26588,32767,6650,-2527
139,4736,-6652,23816,8932,-92,-1471
140,5696,-6140,23412,2600,109,-105
141,5196,-4888,24396,2071,-168,671
142,5372,-5664,23364,1265,-549,381
143,5468,-5076,23820,1066,-190,193
144,5352,-4604,24168,-733,60,192
145,5320,-5220,23808,-820,501,320
146,5112,-5944,23132,-1791,-52,673
147,5540,-5044,27592,-1609,2057,4703
148,6496,-8784,18324,10366,-2349,-4558
149,3788,2336,28544,-12798,4706,1422
150,6740,-10780,15716,3546,4845,-1744
151,4132,7816,29176,-30723,-761,5839
152,-2172,-12728,14088,10845,-4512,-2736
153,9440,-6004,24480,-28841,-2863,6642
154,3560,-8404,18352,26060,-9218,-2992
155,5404,-10664,19076,-18854,-135,-1067
156,2584,-1380,32767,27469,6831,-5551
157,11088,-9000,17556,-2441,-126,1370
158,4280,300,28248,-2687,4427,1533
159,4196,-6636,22520,-3171,-404,303
160,4164,-2956,29904,12274,1246,-3069
161,6036,-8992,20756,1529,-796,-187
162,5068,-5416,24180,1983,-72,-79
163,5284,-6088,23396,23,-89,-87
164,5560,-5960,23520,20,-84,10
165,5424,-6304,23524,-2560,952,2166
166,4788,-6056,23444,2550,1073,-1624
167,5084,-6728,23104,939,-315,162
168,5028,-6172,23488,415,-54,160
169,5164,-6220,23408,202,-322,14
170,5236,-6256,25008,-4778,4076,4993
171,6920,-592,24684,-5081,2400,4517
172,5044,2184,19212,2051,6341,532
173,2988,-4004,23996,-10514,-8541,-2207
174,4936,-5328,24164,42,245,-1465
175,1636,-4836,25436,-19806,1869,-536
176,5464,-4932,23504,1045,-444,-715
177,2796,-5536,24520,237,1722,1425
178,3740,-5384,25004,-2417,5005,843
179,12544,-12668,29400,3849,5728,-185
180,-29428,14676,8968,12171,11656,-1517
181,23968,-22008,32767,11834,19052,-11163
182,-16104,12532,3640,-6648,-5107,13270
183,6756,-9568,31656,7643,7412,-578
184,-1468,456,23220,-6281,-2950,3128
185,752,-4564,28244,-17149,-1944,-3425
186,-64,-3492,25192,7062,-3961,-1703
187,3252,-3476,25552,-1677,-5946,-1923
188,5752,-4812,23956,44,-4604,-2201
189,6752,-3096,25408,350,-3130,-1313
190,6188,-1964,23516,-125,-561,572
191,6500,-3372,24128,977,460,444
192,6100,-3684,25452,-2800,273,1851
193,5516,-3540,26032,-1603,6048,-1002
194,3944,-2936,25352,15746,5808,-8009
195,14996,-11676,27948,-32768,3359,-2018
196,-9580,5744,3820,29384,-4872,-6278
197,28868,-32768,32767,-17715,-12641,-1724
198,-13560,18132,-20752,-1060,-31103,1108
199,7156,-10548,32767,8697,8616,-1973
200,3376,340,18168,-4925,-3346,880
201,4320,-5560,27148,-716,-1492,151
202,4848,-4396,24084,-3762,-2561,1226
203,5268,-5816,22212,-944,-704,2701
204,4892,-5828,23548,1040,-1285,378
205,5612,-5964,23624,-33,-1321,775
206,5512,-5688,23440,590,-1372,510
207,5100,-5476,23828,2273,-1719,1544
208,5572,-5508,23540,-632,-379,140
209,5880,-5444,23308,-2,-172,-300
210,5804,-5772,23348,-507,-245,-32
211,5844,-5836,23224,-5,123,4
212,5724,-5780,23256,-928,620,152
213,5824,-6024,23260,-77,254,234
214,5488,-6008,23428,143,-293,147
215,5476,-5816,23544,-251,280,554
216,5616,-5976,23388,-1654,243,1099
217,7944,-10596,27920,7553,5761,-2140
218,-1732,3028,6876,18291,8971,-1944
219,18844,-27976,32767,12711,4266,-4442
220,-6084,14824,-12804,-32768,-3569,7279
221,-2708,-1432,16112,23982,32767,9584
222,32767,-32768,32767,18003,-29266,-21381
223,14996,-20624,31508,-26135,-29472,-4791
224,-3256,-292,20908,4771,-7541,-6769
225,8788,-6700,24408,11114,-1183,64
226,7308,-5312,23284,-9,-1140,1039
227,8192,-5176,23868,-1097,-1353,1472
228,6948,-5036,23032,1198,-653,-284
229,6772,-4720,23604,2263,48,613
230,6968,-4484,23176,1570,245,-149
231,6704,-3884,23272,1377,717,-620
232,7108,-3852,23024,931,199,131
233,6544,-3596,23312,749,-178,4
234,7176,-3720,23960,1352,225,-130
235,6644,-7600,20024,-9030,-2436,3187
236,7308,-5664,23416,-3672,-1940,1428
237,6936,-5352,22440,-13450,-2729,2721
238,7244,-5588,23224,-4215,-473,635
239,11936,-8052,20556,-3272,-2743,842
240,6384,-4888,23008,-2676,-701,-433
241,6760,-7372,21952,-2343,438,443
242,6772,-7260,22044,-234,-28,344
243,6760,-7400,22104,1128,-753,596
244,6460,-7020,22632,-1257,-165,400
245,6560,-6744,22308,-291,194,345
246,6668,-8060,22020,-262,-59,1762
247,6372,-5404,22400,-1452,-786,-3599
248,6372,-3900,24300,2697,-89,-837
249,6216,-7488,21816,-4406,-250,598
250,6416,-7100,22148,-2211,583,1323
251,6604,-7984,21656,1394,-983,-959
252,6624,-7032,22344,480,-543,100
253,6728,-6876,22660,-935,192,259
254,6668,-7384,22012,-316,115,-59
255,6800,-7344,21952,-157,-70,115
256,6776,-7192,22364,487,-318,-205
257,6692,-7108,22284,-355,27,86
258,6708,-7296,22112,-389,161,219
259,6748,-7276,22148,122,-134,-3
260,6740,-7188,22196,80,-115,50
261,6764,-7208,22276,-225,47,133
262,6740,-7276,22084,-133,-46,78
263,6716,-7264,22128,-51,-4,81
264,6704,-7276,22160,82,-44,-76
265,6616,-7204,22136,519,-329,-652
266,6676,-7628,21848,-211,315,186
267,6864,-6828,22356,289,-381,52
268,6768,-7152,22364,670,-288,-50
269,6960,-6820,22244,2348,-506,20
270,6788,-6436,22652,686,-684,-351
271,6832,-6988,22184,1160,724,-893
272,7580,-5520,23260,-6999,1085,587
273,7504,-7632,22424,1263,104,976
274,6512,-5820,21816,-80,766,557
275,21916,-27432,32767,17760,23987,-13127
276,-2488,3960,10660,-4169,5350,237
277,2932,-6856,22532,-13074,-5428,52
278,11660,-18884,19308,-5229,-51,-123
279,7784,-8640,19268,1757,784,-622
280,8800,-9096,19876,-1925,-2118,-1014
281,8644,-8628,19664,2636,269,327
282,8348,-5852,18608,5781,-354,2611
283,8852,-7168,21068,1370,261,132
284,8728,-7080,20936,-305,-581,-233
285,8736,-6824,20956,335,-308,-101
286,9144,-7172,20460,-1756,-142,877
287,8720,-8260,19892,-2629,2282,1758
288,7208,-16904,15480,32767,32767,-12526
289,-2692,404,15260,-13228,-11216,-2874
290,6900,-6244,23920,-12246,-22638,-1352
291,16540,-15816,25828,-11664,-7205,7993
292,9080,-8112,17904,697,-429,-563
293,8836,-9392,19128,-513,-1054,-301
294,8980,-9144,19352,859,-73,-293
295,8988,-9260,19420,622,113,-148
296,9032,-9268,19340,1402,95,47
297,8768,-8656,19792,1360,155,164
298,9444,-8648,20220,235,1902,1388
299,14392,-16824,24048,-6816,-1688,956
300,-3848,20064,-4876,2550,4095,-7041
301,4808,-7736,22788,-8359,213,3970
302,7804,-6560,22672,-2512,1148,2534
303,5748,-5876,16860,-15012,-16274,-316
304,10096,-10716,21052,1690,1015,1698
305,8888,-9388,18852,1664,-509,403
306,8964,-8780,19220,244,7,252
307,9272,-9000,19200,-247,133,369
308,8832,-9084,19212,231,-214,638
309,9556,-9204,19344,669,-1034,2121
310,32767,-32768,32767,2609,-2688,-14760
311,1616,5576,10416,-8154,632,-5885
312,7304,-7020,21896,-12189,-4039,-368
313,7420,-6452,22044,-3971,-1889,-227
314,4532,-6200,18724,-5041,-14637,4832
315,15488,-18772,25980,2369,-4884,-504
316,9592,-9240,18680,639,-257,-102
317,9028,-9140,18772,2801,-1990,-2169
318,9864,-9652,18440,-630,-1279,737
319,9756,-9596,18420,-1346,-533,1439
320,9216,-8952,18264,1021,593,190
321,8556,-10908,18616,-4508,14,4224
322,10072,-11736,17200,-3396,-3143,1985
323,6856,-12236,15696,-502,1787,9222
324,9824,-13932,13700,12627,6409,6720
325,3204,-6996,23652,10401,1903,14043
326,3568,-9360,19136,10625,-51,11424
327,4376,-10960,22996,32767,2383,-13039
328,3752,-12268,18876,1727,-15495,9663
329,-500,-12644,21328,11294,4966,-9291
330,5440,-6036,23940,-6611,-13890,7156
331,2804,-7188,24608,5001,3238,3748
332,1136,-3560,24388,7386,-9629,998
333,3708,-1952,23492,11394,5831,-857
334,884,-2008,10660,-32768,-32557,-8593
335,6244,-28412,-15444,-4345,-11112,6585
336,1464,-18340,5016,32767,6042,-6768
337,2188,-14252,13752,32767,4062,-698
338,2468,-9396,17176,32767,4302,4595
339,4396,-6836,21592,6538,4192,-12982
340,3484,-11420,19376,-32747,-21013,15001
341,6140,-6272,21288,-2690,-2311,-2046
342,2016,-12656,18464,-141,-2392,4539
343,3852,-14140,19652,12383,-8224,14664
344,24,-9780,13756,14817,-4677,3441
345,4628,-7488,23072,32767,9731,6306
346,2228,8968,29180,-32768,-6871,-3911
347,2276,6808,-15280,-32768,-32768,10682
348,1032,-14980,-5956,24200,1988,-4736
349,736,-12772,-640,21724,573,2407
350,448,-17908,4384,32767,7008,-4607
351,1240,-14792,13240,32767,10419,-971
352,2484,-12800,18144,22729,6855,1427
353,1180,-15388,20352,8356,1843,3094
354,2988,-932,13328,-32768,-4172,-25542
355,372,-21724,-12492,-32768,-10274,-629
356,4032,-3040,-7364,6120,-2964,5735
357,1572,-14552,2140,32767,10914,-897
358,4224,-15436,10148,32767,597,7608
359,1496,-15860,12472,-10908,10485,-3330
360,-68,-11524,2736,-32768,-7300,-30644
361,3404,-3780,-11468,668,-6816,2037
362,4868,-7756,-10604,32767,10734,4705
363,3168,-12948,340,27772,1966,-303
364,3832,-15820,4612,24043,4959,3148
365,4084,-13728,10288,5722,-415,-673
366,2932,-12020,-1192,-32768,-9030,-6593
367,3644,-7056,-7512,-12501,2663,-337
368,4392,-7512,-7792,17688,3858,1411
369,4144,-11216,-3436,20189,1582,2530
370,4084,-16928,4820,32767,4914,-2437
371,4572,-13560,16796,32767,11063,-7308
372,4760,-9448,21680,14745,43,-2883
373,2996,-7456,22840,6623,2419,-1447
374,5180,-5104,23480,2248,-670,289
375,6540,-7000,19232,5360,13916,-15263
376,5336,-8320,24452,-19801,-13330,12498
377,8664,-15232,21124,2631,-8376,1515
378,8924,-13436,24464,-6614,875,-1529
379,7376,-13152,19900,10591,-1038,3316
380,5544,-11024,16944,1562,-798,-848
381,5572,-500,22304,31357,20909,32767
382,-324,-9392,20832,2970,67,-5435
383,-228,-8048,21480,684,-541,7568
384,-1724,-10928,20360,204,-8001,2026
385,1352,-8772,22512,4712,-1547,1423
386,1184,-6688,24448,9418,-1733,2128
387,164,-5900,24816,1166,-1484,3416
388,768,-5428,24924,278,-1049,1741
389,1288,-5700,24404,328,-1250,2683
390,2124,-2404,26880,3114,3646,2388
391,2112,-7632,22260,-1232,-2893,360
392,1576,-6464,23724,813,211,190
393,1352,-6236,24012,2996,-1279,-50
394,2028,-8836,18160,24,-6625,-5346
395,3524,-9664,26268,-20995,2854,-515
396,-568,-328,15712,25013,-12994,-21012
397,2728,-8056,22984,-11509,3533,-3591
398,4828,-8228,28408,-3322,-2275,-7775
399,-1132,-5056,18912,9192,-784,-8221
400,2864,4692,23812,-15057,16951,32563
401,156,-15664,30716,32767,-9436,-18300
402,-2016,15488,9452,3534,6907,-776
403,8308,-16444,32767,27006,-3923,-15023
404,-6196,20808,-3792,4500,1406,2541
405,14812,-9544,32767,19898,-23005,-4991
406,-4776,16000,-428,8266,10665,4077
407,13412,3284,32767,13468,-11736,-7752
408,-436,12132,17620,-5375,2360,7098
409,3976,6808,24468,7561,-7315,-2784
410,2820,6452,22872,3004,-2367,393
411,4248,7332,22900,-12005,-4136,1378
412,5100,-696,24596,-15966,-1092,2328
413,1920,-9560,19556,16250,8119,16539
414,2640,-3120,22120,-4998,3469,5906
415,3876,-5288,23736,7330,-1408,-412
416,-1120,-1848,21620,4182,2501,14652
417,4784,-1420,28856,-10356,-20184,11749
418,4368,-5692,24708,4530,-644,-6936
419,4924,-6944,22196,4076,771,-1776
420,6064,-7148,22836,3508,526,-2270
421,3900,-3044,21968,-1471,-35,3329
422,160,-4328,25648,14016,-24741,-3418
423,4744,-5364,26196,-10654,12393,3871
424,4748,-552,25088,-9251,4047,-713
425,7004,-5044,21776,26899,-2609,-32768
426,9852,2384,24536,-18636,11595,-9351
427,8456,-7404,14104,-32768,1898,-32768
428,-2568,-7056,11208,32767,22114,-11711
429,1368,-6812,20980,30628,3067,-11906
430,8560,-3228,25652,9643,8916,-9640
431,5932,-4660,28552,5660,5630,-1325
432,1308,-3416,26088,-1940,2897,-5426
433,1736,1996,28180,-17706,323,-14480
434,7232,1156,25268,-12334,5825,-16359
435,4284,-7020,23220,-9698,-4394,-4406
436,-1148,-7460,14204,-12456,-6607,-952
437,3736,-12076,19036,10692,1068,-1181
438,4040,-7376,24036,23344,3186,1964
439,4528,-2732,24096,10088,647,-4044
440,-4376,-1016,32767,-23355,31968,-29181
441,484,-6628,21884,7844,11542,15496
442,3588,-8188,24392,-5962,523,3277
443,4268,-1120,28228,32767,8086,-10847
444,-884,1920,23872,-11,2533,-3590
445,1480,-1236,25956,-6686,1904,12642
446,-1208,-6644,27272,-24664,1921,-11073
447,-176,-3448,27680,-12125,-25,2064
448,1500,-3656,23628,-15260,-5820,6764
449,448,-14092,19120,7842,1511,-5932
450,-3488,-7224,26340,6382,10886,6384
451,-236,-5020,30616,-21794,-4043,1798
452,1908,-11584,25224,4736,5470,-441
453,1684,-8348,26844,17364,18884,9166
454,-9960,5996,3204,-350,-19413,12257
455,-3596,-1152,28812,8260,24373,5384
456,-3268,-244,23688,-16593,-32757,3620
457,-9616,452,15956,11563,27749,242
458,3388,-3076,32767,-5594,-19304,-1251
459,-13724,2088,1904,11632,21019,131
460,2332,-3884,32767,-16612,-16754,-4522
461,-11868,964,9332,21813,26532,2213
462,-1700,164,32767,5528,-15911,410
463,-14092,-76,1584,18126,8835,10872
464,2404,4576,32767,-2602,-12513,2319
465,-14776,876,808,14772,20749,-5816
466,3396,3780,32767,-3771,-7289,1274
467,-16676,1080,-5736,18684,14220,-1437
468,4700,4852,32767,-3696,-4629,24
469,-16760,768,-6024,18343,10763,-2557
470,6200,4272,32767,5546,2466,-1244
471,-15720,2952,-9260,26,-7306,355
472,5596,3604,32767,5729,11017,-505
473,-13020,3420,-916,-5855,-13191,2887
474,4940,1124,32767,-957,-6934,843
475,-5328,488,23908,-5217,-4915,1796
476,-3612,664,25200,508,511,-1428
477,-4108,688,17620,-14740,-3113,-2755
478,1156,-7300,29676,-11930,-6515,-2595
479,1216,-8788,24468,-10882,-4130,2279
480,544,-9040,22208,-3807,712,4370
481,-636,-12464,24624,17434,13064,4111
482,-1316,-5608,22528,-428,8880,5890
483,-3016,-15244,13024,-31131,10541,-4471
484,-3700,-12204,20780,5629,2757,-3905
485,-1068,-16920,11180,-32768,1015,-4949
486,-4496,-15696,13920,9047,3574,2085
487,-1840,-16456,13804,-24721,-7733,-12153
488,-3780,-13456,3800,-30259,-8136,8878
489,-7264,-21376,-1116,32767,-2803,4583
490,-8360,-6280,13808,-27173,-7951,6073
491,-5740,-14880,-1320,-32768,-6929,-13297
492,-4616,-11524,4200,32767,5139,6422
493,-4704,-12896,14248,-12216,-5420,7177
494,-6576,-12232,2496,-32768,-6564,-260
495,-5872,-13416,1048,32767,5771,-1445
496,-5360,-9656,11480,-32768,-5161,11881
497,-4192,-16840,-448,-54,3344,-2990
498,-5604,-18680,13560,2992,-2763,5252
499,-3824,-15804,988,-19393,8093,-9809
500,-9972,-2108,13036,32392,3410,-9800
501,3016,-28460,-15412,-18512,1917,-4767
502,-10932,-3696,15928,8528,-1394,-1701
503,6896,-27000,-17736,25230,-2888,-12308
504,-5176,-5436,12688,26249,-747,11163
505,-6032,-11656,4228,-32768,7577,-13654
506,1572,-19828,-6356,27023,-5963,18614
507,-5920,7924,17404,16557,-6850,-14154
508,5628,-32768,-14472,-32768,2114,2868
509,-10344,-4804,14284,18568,-3748,7577
510,-1904,-25052,10744,12018,-1076,-2281
511,-6484,-9956,8916,-32768,2255,-1880
512,-4536,-21932,6188,32767,4277,1839
513,-6040,-14592,14316,7148,-3134,6310
514,-3308,-10192,5556,-32768,7963,-18698
515,1232,-18040,-3956,32767,-6190,7612
516,-2520,-7124,18860,-7086,-2539,5195
517,-536,-19096,3624,-32768,7629,-17528
518,-1196,-13524,-2632,32767,-3349,5902
519,-868,-13348,8444,26126,5334,-717
520,-748,-19012,6032,10650,32767,-9931
521,-928,-13168,15732,23816,-7014,10345
522,900,-9976,23040,23692,-7918,-9845
523,3076,-9188,19404,-32580,6280,3564
524,1944,-24768,-7500,-31513,-17622,11880
525,-2212,-11940,-1396,-9847,-5414,-2428
526,-184,-9116,2972,3394,696,-4614
527,4500,-23752,2448,32767,17396,-24422
528,3160,-10240,16820,32767,32767,15333
529,2216,6500,23128,23651,-3167,-1113
530,1792,10820,17120,32767,-5477,88
531,2088,14060,10148,26958,-9669,4991
532,2208,14120,2188,20412,-6911,-1870
533,2036,21004,2936,-21880,1274,-6739
534,-640,13024,7760,5569,4870,9039
535,-1780,14272,8572,-10188,-7613,-103
536,-968,-9668,32767,-32768,-4057,-3598
537,1164,-6656,18840,10958,24565,2272
538,-1708,-2852,23244,-16545,-1796,2584
539,-1044,-10040,21160,-21932,-13926,-2055
540,-6944,-9252,19400,-6286,8196,-5818
541,-4456,-14124,19464,-14019,-6888,-2347
542,-2112,-10960,15832,-21586,-7294,2353
543,-1620,-20124,12832,-8697,9193,14908
544,-2844,-17252,10524,-17084,7650,-6495
545,-248,-19204,-4152,-32768,16198,-13204
546,772,-14056,768,-2663,-3482,882
547,-340,-13184,2932,-13338,-10721,15455
548,-2772,-9576,-3384,-21304,-10300,-1812
549,-4636,-8720,-4588,-10222,-5705,2931
550,-4076,4600,-7620,-32768,1850,-2655
551,-4072,2968,-7544,-13592,-2466,3895
552,-5748,10488,-3572,-22836,-9322,5561
553,-6120,14832,1060,-32768,3847,1926
554,-7640,14688,7892,-11202,-6034,390
555,-7360,15408,9880,-3593,-5693,4280
556,-5096,15504,9000,15125,1213,8446
557,-4236,7756,-1028,32767,26744,-3589
558,192,-22564,8676,-19571,-9942,-27663
559,2404,-15680,8880,652,2673,-1311
560,5908,-16900,12260,11420,1133,-4645
561,908,-15264,12208,12750,9138,-1131
562,2016,-13788,18064,21177,6204,-1121
563,388,-11096,20496,-20559,-6160,1215
564,6504,-12352,18136,-3985,13120,15151
565,-676,-10980,19288,15857,-6916,-8488
566,1056,-8164,22396,26940,-9474,-1316
567,1664,2536,22644,31846,-2694,-4166
568,1392,5540,23756,32767,32767,-7184
569,-6704,12196,13176,15252,1137,4770
570,-6856,17280,8052,32767,20723,3360
571,-4208,12044,272,26286,8071,4929
572,-3184,11888,-888,-1973,-3653,2632
573,-3160,11404,-4016,-12444,-4197,-3988
574,-10852,14640,11060,-32768,-15256,-14487
575,-8404,15304,16424,-32768,-18498,-9680
576,-6200,4796,23620,-32768,-11917,-4193
577,-1272,-9952,19016,-32768,-1555,2984
578,-1684,-18324,12472,-30183,-2439,-3403
579,-1284,-19516,5908,-4549,-6631,-2292
580,-2132,-12300,-68,7788,10684,3178
581,-2212,-12556,-3504,-19057,-7856,983
582,-3488,-6676,-5148,-32768,-997,-2124
583,-6792,5732,-9496,-32768,-24510,-16090
584,-10596,7296,-216,-32768,-16763,-1518
585,-10904,10240,3984,-16763,-6345,1073
586,-9920,16256,9496,-23785,-14461,10098
587,-8988,11472,11716,-12172,-8510,1612
588,-9236,12772,10356,12617,5481,5569
589,-8052,14264,9752,19063,-18,9819
590,-7132,12084,2548,32767,5286,3190
591,-6100,8148,-4484,32767,-1134,-7459
592,-3336,-3360,-10328,32767,-1813,-5985
593,-7156,-14000,-3092,14117,-1190,813
594,-2844,-15040,-4136,22167,3367,-4579
595,-1424,-15012,5440,32767,11937,-25194
596,-144,-8132,24680,26646,3322,-8706
597,-2052,-1184,25036,13903,2225,-11134
598,-1832,-1152,24412,2249,-60,-1664
599,6164,4308,29036,-19341,-19238,4113
600,3008,-5300,22408,2501,-5008,4656
601,-1816,-32768,1060,-8902,-3385,22603
602,-892,-11460,20864,3155,-5770,-1901
603,-724,-7088,21668,-18309,-4441,-4187
604,164,-9696,23916,-5858,-4105,-1523
605,-188,-10624,19804,-234,-924,-1056
606,480,-9736,23116,-9636,4493,-2171
607,2260,-15620,11112,-32768,-5194,-3056
608,-1016,-16724,-756,-32253,16913,11513
609,-808,-8016,-7400,-32768,-63,2340
610,-2188,-1692,-7152,-32768,-12454,2963
611,-5980,9212,-5928,-32768,-14853,-2801
612,-7164,9224,-5332,-24313,-3880,3992
613,-7892,14952,2584,-5701,474,2645
614,-6328,16828,11052,-32768,-6187,4188
615,-2964,9400,22204,-16543,-1749,1234
616,-7464,9688,18168,23746,11223,-3304
617,-3480,12396,14536,32767,12787,8269
618,-6304,11908,3056,32767,6802,-7141
619,-7024,1092,-7844,32767,-13357,-7982
620,-5580,-11612,2872,9885,13955,-2701
621,-432,-16696,3384,32767,3243,-1533
622,-2832,-16528,8608,32767,4265,-6936
623,-516,-5748,25164,22173,-2269,-1661
624,-1452,-4452,25228,-787,-3406,2402
625,-656,-4692,26756,8315,-1141,2583
626,9228,3676,28024,32767,7948,-7199
627,-3832,11072,22856,32767,109,-178
628,-4748,14880,15428,32767,11248,-19615
629,-6772,11484,11344,15656,9838,-5523
630,-5952,11964,7772,-9033,27939,-9346
631,-6420,14340,11648,-13504,23148,-1054
632,-6672,15220,9768,-31461,-1761,11388
633,-21652,-9048,732,-32768,-32768,1075
634,-3476,-1400,25484,-32768,-6726,-2766
635,-3264,-4172,24044,-3712,7354,-15829
636,-2060,-13208,21372,-5965,-1668,777
637,-1492,-16984,11936,-32768,-20984,-5860
638,-740,-13196,-2476,-7835,6911,8487
639,-1508,-9324,-6220,-12283,933,4849
640,-3940,996,-7364,-32768,-22181,4174
641,-7712,-4156,-1336,-32768,-9982,-11873
642,-7528,13776,3132,-18043,-2000,-1243
643,-8116,12560,6524,-17370,663,2085
644,-8320,14296,8160,-10609,4439,4886
645,-7704,13684,7548,6226,-2536,5301
646,-8500,15568,2560,32767,3927,3941
647,-2884,5500,-2932,32767,-6816,-2100
648,-9540,-11284,-4932,32767,-2603,-16820
649,-5044,-15748,9440,26453,5200,-8266
650,-4296,-15372,16272,27534,5989,-7399
651,-3684,-10844,18912,19500,532,-3629
652,-3124,-8564,21472,32767,4761,-10465
653,16,-1488,24140,18645,2895,1845
654,-4644,3640,25604,22804,17466,-6625
655,-4396,7956,23752,17105,-10259,7213
656,-3032,9516,21700,12616,-312,4955
657,-7832,25980,15428,32767,19173,5473
658,-3868,17568,12728,8857,3788,832
659,-3624,17128,11468,-23703,1741,-2959
660,-5252,10300,15328,-32768,2935,16246
661,-3920,-724,22840,-32768,3901,100
662,-8840,-5336,19464,-32768,3657,12929
663,-4316,-10520,17000,-32768,-12687,-7334
664,-4532,-15488,15900,14334,-2352,-2677
665,-4736,-12780,20296,13170,292,-7023
666,-3208,-11008,22548,5848,1469,-1487
667,-2084,-5876,25380,23057,3872,-13583
668,-1216,-8260,23200,4697,8290,83
669,-7548,-3272,21584,5996,-938,-2359
670,-276,-2192,19860,-3954,-28448,-10411
671,9244,-10056,27036,-4201,1007,-4649
672,76,-6180,21732,3162,9347,-3109
673,632,-5512,23356,981,4325,-2161
674,548,-9640,26276,-5524,-5331,10038
675,-5336,-2576,21632,4746,8074,3807
676,6168,-9532,25624,4684,-14922,-32677
677,-5764,-9232,14128,67,13249,22848
678,-2904,-736,16268,-5928,-20079,-9843
679,8680,-9836,22548,6775,19589,7231
680,-10816,2748,15692,-7649,-14829,-3661
681,18420,-15696,31624,-369,5552,-137
682,-16144,2732,16832,5228,9572,9918
683,11356,-9444,23424,-6181,-24611,-4954
684,-1672,-7004,25564,9866,12812,5182
685,3832,-7640,22328,-9651,-21547,-2076
686,9808,-10832,24732,8684,25276,5192
687,-8168,1828,17876,-7453,-12222,-6273
688,17964,-16252,29544,1442,2076,-2386
689,-13932,8124,18596,-2058,-7,6055
690,22956,-17780,28580,-3231,-5201,-8014
691,-10884,2712,18980,6604,6426,12748
692,17544,-13860,28208,-7793,-10974,-13148
693,-692,-4140,21956,2032,760,8503
694,2984,-6180,21364,-8586,-11256,1135
695,5188,-11020,17116,2046,65,1377
696,4648,-12076,21132,4054,3587,-2923
697,336,-11724,23420,4369,6870,-4456
698,-456,-100,18088,-1894,-4337,1012
699,6008,-7804,25924,-3219,8656,2101
700,-276,-8752,15252,4574,-31753,284
701,1800,-19328,21380,-32768,-28169,-12377
702,7856,-8288,20616,-6289,-748,-577
703,7740,-9520,16540,30184,9240,1154
704,6960,-1728,32767,6834,6872,-179
705,7256,-4488,23248,1678,-2882,5086
706,4920,-5988,24396,-2076,-2671,-1067
707,6348,-3300,21908,-1127,6018,-31
708,6540,-11824,15760,-22271,5675,368
709,11084,-5992,24388,-20820,-6241,-868
710,6724,-7484,21656,12366,1093,-2195
711,6020,-4380,19660,-5608,7668,3990
712,312,-7084,26544,8006,13171,-1274
713,2528,1012,14748,-12131,-4278,5868
714,6232,-12496,27940,9206,11455,2770
715,-3736,5196,12844,454,-4402,2056
716,8036,-19220,32767,7247,-1188,-2542
717,-3552,2884,16296,7477,-2599,-3432
718,11112,-20200,32767,-13861,-18240,-6886
719,-1008,-1324,20616,9099,-3348,-6473
720,2472,-7772,24780,-17332,-2545,856
721,4100,-3504,23740,13307,151,-6626
722,-88,2516,15760,-8410,2894,2574
723,5476,-10988,30984,12803,8516,-1183
724,-216,4012,14976,3690,403,1074
725,10432,-19636,32767,3834,-12804,-1871
726,624,4636,14604,4084,95,-826
727,10348,-23068,32767,2049,-23457,-4519
728,640,3828,16496,2992,1286,152
729,4308,-14340,32767,1142,-6620,-4356
730,916,4676,15092,433,-5589,-753
731,-88,-21380,32767,9138,4923,-1145
732,-76,5416,13596,-982,-2233,298
733,424,-2972,21888,-4851,-2241,-1782
734,3444,-4108,24528,707,-159,454
735,2984,-3356,24940,-683,-144,-985
736,3564,-4008,24516,780,146,199
737,3064,-3572,24776,-511,-109,-392
738,3248,-3752,24804,336,218,-70
739,3760,-4696,27160,3435,2719,-1499
740,2860,-424,22052,7456,5054,2483
741,3532,-4380,27464,-10229,5517,1126
742,2612,788,18884,9318,-101,924
743,15252,-10968,32767,-355,-4226,440
744,1220,1712,19048,-954,-4515,1946
745,6376,-10308,32052,-4169,-7032,-106
746,-1472,4672,16708,-1718,2387,667
747,5900,-4952,29680,3643,-17089,-5226
748,-768,2120,19948,-6039,12751,1774
749,6804,-7124,31604,3699,-26785,-3754
750,-668,-540,22308,-7550,20118,3485
751,6724,-7144,30312,4161,-32099,-4908
752,1064,-2228,23532,-7652,30597,3370
753,7660,-6388,28400,6459,-28551,-3152
754,1444,-2480,23276,-8534,29932,2800
755,1748,-3852,24772,14874,-32603,-3916
756,2168,-2564,19652,-17542,32259,2917
757,3180,-2360,22084,10134,-15510,-1123
758,2644,-2812,24164,-11106,29137,1088
759,848,-1332,22120,12049,-18617,-1091
760,2980,-4560,26640,-12600,27146,346
761,724,3064,17596,9114,-5268,311
762,-624,-3232,32767,-9790,11405,-905
763,-2616,2816,18008,-1753,6420,828
764,2660,-1640,24524,-214,-899,-481
765,2220,-3564,24988,-5621,-1328,164
766,3036,-3324,25076,-2237,-215,459
767,3188,-3328,25112,107,522,531
768,2696,-3412,25020,604,101,193
769,2108,-3532,25308,-7,-541,75
770,2472,-4020,25128,-18,1117,-357
771,2260,-2552,24064,-737,649,151
772,2036,-4044,24140,102,-1760,315
773,2408,-3340,25232,1453,-225,588
774,1876,-3216,25544,1422,789,1467
775,1864,-2856,25600,2282,-2278,487
776,1676,-2004,25732,5016,2187,2113
777,80,-1968,25532,-719,2494,1526
778,232,-844,25344,254,373,490
779,160,-1076,25856,-1926,1517,1192
780,52,-964,25680,-598,-1428,-362
781,344,-744,25760,1797,-2382,-115
782,316,1208,25124,6184,-4017,-2611
783,1744,1876,25148,10127,-4240,-2482
784,-568,-3604,17164,16033,555,-2
785,3184,5400,24212,6230,1039,26
786,4044,5384,24076,1622,1010,-126
787,4348,5984,23944,1616,373,2168
788,6432,5948,28284,-14872,-3010,2287
789,5240,1496,22432,291,4710,-1315
790,-2116,6120,16584,-4868,2528,-835
791,12408,-15972,32767,-1402,-1222,-4991
792,-776,4700,14952,311,-901,560
793,12364,-26960,32767,-7174,5121,2548
794,444,752,18368,10057,3553,-1679
795,160,-5876,23252,-17109,-535,4379
796,4052,-5260,24628,13091,1799,-1434
797,-1320,3504,13424,-9542,-923,3323
798,9148,-13960,29536,14296,1301,-1737
799,-220,7048,11704,2915,-2853,536
800,6684,-26432,32767,-2592,-12345,-7378
801,116,3228,15752,4365,-7837,-3406
802,8320,-23092,32767,-1823,6155,6869
803,928,1216,17804,9697,-8995,-6662
804,4524,-4148,20348,-23828,19059,7429
805,3636,-3432,23416,11715,-9396,-5996
806,1764,1584,14956,-16757,14972,8072
807,3012,-5716,26448,14076,-5991,-3754
808,1604,6204,12004,-10029,5452,4854
809,4872,-12020,30696,14866,-8411,-4489
810,1500,7436,11312,-1261,-431,1756
811,6192,-24808,32767,6991,-9507,-6130
812,2488,4428,14548,5274,-1463,-426
813,6588,-25368,32767,-7098,7693,2127
814,956,4460,17032,8215,-10899,-4675
815,908,-3716,21768,-20706,28971,11437
816,3484,-1852,19964,2265,505,-671
817,2924,-5756,25552,655,-2384,-1336
818,2352,-5176,24948,-1139,-3595,-835
819,3364,-6644,24436,-2048,-2348,-1523
820,3752,-5740,23760,346,-1411,-996
821,5260,-6392,24696,1534,1733,-1301
822,3680,-2044,22516,861,1365,-356
823,4348,-5428,23872,-11106,-1476,-269
824,3680,-5408,23420,11686,1435,-6878
825,4444,-5612,23816,3631,-139,902
826,5380,-3428,24040,3050,-4110,621
827,5324,-4144,24724,-3399,235,336
828,5672,-2628,23572,4298,4308,-3866
829,1932,-1304,23580,-7337,-4485,1438
830,4992,-2264,23240,3717,8818,-1891
831,4060,-3996,25896,-9097,-8133,4136
832,3516,-3216,24628,5907,6037,-6804
833,6724,-6372,26056,-14074,-6485,6658
834,2812,-3516,24268,8265,3536,-6673
835,6008,-5700,25908,-9109,-5488,5874
836,5536,-3400,23872,5083,6355,-6232
837,5608,-5440,25676,-6262,-7991,5527
838,6892,-3724,22348,3789,6730,-5456
839,1624,-3756,25288,-10285,-7248,6284
840,10772,-3880,21204,2419,4747,-5198
841,92,-4580,27108,-10417,-6372,5056
842,10672,-3916,21532,2392,5987,-4617
843,-2400,-4292,26248,-9240,-5752,5094
844,12100,-4588,22764,1809,6579,-3469
845,-3372,-3736,26220,-9081,-8123,2535
846,9148,-3120,20416,368,4290,-5147
847,5164,-12864,32767,-8373,1704,9498
848,8644,-3568,21664,1214,5255,-3313
849,1180,-6208,27284,-6283,-7637,4287
850,6256,-2620,20128,1201,4834,-903
851,-100,-4552,27220,-612,799,834
852,2728,-4512,24476,-55,-534,-507
853,2916,-4236,24200,252,820,214
854,2120,-4028,24368,-304,95,-487
855,2404,-4572,24856,-1409,-1451,-463
856,3104,-4388,24420,-2404,-3874,453
857,4068,-5540,24704,-3392,-4093,825
858,4260,-6816,24528,801,-2137,-351
859,3948,-5472,23700,-3041,-1329,916
860,5388,-7288,23392,-1902,-1160,-524
861,3068,-5356,21996,-18527,-5915,2119
862,6164,-11320,22284,7750,1772,-1899
863,3200,-10124,21164,4633,2670,-1197
864,2572,-9028,20768,32767,-1130,-4297
865,4900,-876,26904,8331,1349,1238
866,4576,-3704,23756,-6903,-792,2312
867,4944,-1920,24952,7877,726,-2385
868,4924,-2236,24552,-5644,-560,1668
869,4876,-2456,24460,4381,363,-1217
870,4936,-1876,24908,-2549,-265,757
871,4844,-2472,24416,1656,126,-442
872,4884,-1856,24840,-718,-86,210
873,4820,-2380,24356,365,-4,-51
874,5052,5672,17160,-10759,27036,-15373
875,4108,-1680,22700,-3696,1118,-2187
876,5244,1156,26860,-2324,-2551,3835
877,8792,-328,29052,-679,-6023,47
878,4300,-3060,23112,11597,360,-659
879,-8228,11828,16772,28254,26191,-5041
880,4808,-348,22764,-1624,-1628,3969
881,2328,2116,27120,2417,9670,-1116
882,4604,-1372,23160,5070,1144,-607
883,4288,-660,24472,-4196,-1508,1878
884,4756,776,25476,1006,-110,-601
885,10956,3008,30552,-4045,3519,1356
886,9756,-6072,25556,-13957,-5084,8284
887,6352,-9696,21000,-16598,-4881,14793
888,5176,-11116,19684,-999,879,-1356
889,6472,-10940,21140,17237,3722,-8952
890,6516,-5272,22976,2445,7192,-8246
891,6332,-9148,21068,-14935,-2225,5443
892,4876,-9532,21960,5407,1459,-4383
893,5748,-6876,21604,-13188,-2687,6895
894,6128,-9484,20444,-1289,1077,5747
895,5264,-9076,21364,1248,-606,672
896,5312,-9620,21964,-1305,-900,1880
897,4244,-9772,20312,899,977,-642
898,5076,-9184,18240,7145,3062,-1133
899,3872,-10096,22212,2502,632,877
900,4184,-9412,21748,-951,59,-199
901,4204,-6148,20896,30051,4728,-620
902,1588,2936,26696,29217,5590,-2182
903,1532,4972,25228,-3171,-545,-636
904,2136,1256,25436,-22457,-2766,-1169
905,3272,-4212,24112,-24922,-3625,-651
906,3012,-7980,23484,-1083,122,1211
907,4004,-7792,23288,29509,4212,1525
908,-96,2108,25084,27497,5456,-210
909,456,5696,26124,16654,3278,-720
910,360,6316,24704,-2154,946,-210
911,416,1368,26000,-32768,-7365,328
912,2076,-3620,24920,-15044,-3611,3445
913,2468,-7340,23752,-9965,-1793,-1593
914,2852,-7700,23144,1283,-149,1940
915,1576,-4908,23228,31154,6330,2042
916,-636,3980,23756,32150,5210,-674
917,-844,6428,24692,-2263,-748,-417
918,-396,3580,24340,-18212,-5281,-1752
919,560,-4200,26660,-32768,-4721,2715
920,2052,-8876,23168,-10934,-134,1315
921,1984,-9480,23400,1231,3860,2076
922,-616,-4784,22608,32767,13552,753
923,-2192,8116,25416,32767,4462,-469
924,-3104,9608,22872,-3757,-1496,2636
925,-2128,7732,23488,-16392,-6174,2748
926,368,-1672,27648,-27650,-6997,6365
927,24,-6856,22752,-28144,-1124,2522
928,1396,-9044,21812,-4191,-166,-152
929,904,-9288,21932,10585,1468,583
930,-168,-3752,19740,32767,259,-86
931,-1748,7664,23664,21146,1682,-1629
932,-1172,8152,24436,3679,3986,386
933,72,6052,23576,-20834,247,1818
934,-444,-1224,28852,-32768,-6724,3973
935,3176,-10252,24772,-32685,-7539,2049
936,3480,-14916,17856,-24381,-6610,1648
937,1912,-14756,16636,7444,-548,2129
938,1872,-14056,17872,4099,222,93
939,1956,-13468,17704,7979,1522,-1343
940,1200,-11524,22112,15658,4736,-2033
941,2100,-8832,24072,2652,246,394
942,1668,-7164,23624,18322,2579,268
943,704,-4344,24648,8461,503,-902
944,972,-3732,25752,-12149,-3465,-905
945,2012,-6320,24340,-25507,-4117,-78
946,3496,-10040,23692,-9952,-933,3669
947,1848,-13332,17724,-988,202,-371
948,1844,-13552,19260,21624,2513,-4220
949,1032,-5140,24728,32767,7279,-1427
950,372,1040,26224,7744,1919,721
951,36,-172,26148,-14356,-3400,354
952,688,-5388,24384,-32768,-6601,-121
953,1856,-12212,19280,-23238,-2405,4114
954,2140,-13924,16576,-2791,-502,650
955,1768,-10708,17780,18653,3373,-2583
956,796,-6556,20864,32767,10934,-3335
957,1004,2016,25736,-157,-680,-793
958,236,1008,26652,-12124,-2137,-32
959,808,-5232,23328,-32768,-8103,1504
960,3308,-11796,19612,-32768,-5945,4477
961,1900,-16020,12176,-4875,-741,1161
962,2328,-14724,14400,13541,2855,-1727
963,336,-12596,19892,32767,4657,-4833
964,1672,-5436,22180,32767,4974,-1008
965,884,764,25600,21,-469,423
966,584,452,26064,-6496,-341,656
967,920,-5276,24348,-32768,-6474,842
968,3788,-11160,19424,-31801,-3406,3306
969,4556,-15064,18500,-17645,-2865,1811
970,1580,-15460,13884,13560,2090,-799
971,2036,-14612,18468,32767,5070,-5114
972,460,-3640,25392,32767,4374,-375
973,2164,1040,25364,-1670,250,-166
974,1308,-1860,26136,-22287,-2141,932
975,2204,-8704,22356,-27926,-2105,4406
976,2956,-11092,21404,-17927,-1367,2640
977,980,-13284,17664,-20813,-2287,2684
978,3584,-15628,13444,-12538,-1872,1658
979,5000,-14140,15020,27349,5483,-3821
980,1072,-13760,20532,32767,3461,-5445
981,268,-4976,19008,32767,-3553,-3272
982,924,576,25736,-2752,469,-1300
983,1156,-2984,24552,-21151,-2802,1999
984,2876,-9816,21724,-32768,-3615,3964
985,1692,-14696,14728,-29958,-2988,2767
986,1348,-16396,9888,-6428,1858,659
987,2336,-16332,13836,18774,2510,-208
988,976,-13776,16764,29877,3593,-2562
989,2876,-7928,23824,32767,1417,-4225
990,26296,4552,32767,32767,-15390,-31912
991,4732,280,24704,12903,157,2549
992,4220,1508,24992,144,390,1696
993,3752,728,24948,-2221,505,-2532
994,3920,704,25160,-61,-51,-1765
995,3616,2244,25176,3230,-2912,-251
996,4688,-964,26044,-21818,-6530,1852
997,4356,1552,24792,-2446,-790,549
998,5048,-764,24380,-28768,310,5582
999,2680,-8300,21928,-24286,2191,7931
1000,2572,-11440,19980,-6313,1466,-193