1,3196,-36,25080,-26,-58,35
2,3220,-44,25140,-31,-74,32
3,3180,20,25172,-25,-69,59
4,3184,-40,25128,2,-56,35
5,3232,0,25148,-30,-46,28
6,3212,32,25204,-21,-57,59
7,3240,-52,25040,-37,-43,42
8,3164,-24,25124,-2,-56,58
9,3164,8,25168,-9,-63,62
10,3248,44,25240,-27,-61,44
11,3192,-48,25140,-10,-50,53
12,3192,16,25072,-38,-103,34
13,3248,-196,25128,-38,-237,-48
14,3180,-4,25124,-31,-73,-53
15,3172,-12,25144,-49,-64,59
16,3280,-76,25232,-18,-76,26
17,3180,0,25232,-19,-51,39
18,3272,-40,25212,-28,-63,63
19,3116,-12,25208,-22,-46,36
20,3268,0,25120,-6,-71,38
21,3212,-32,25200,-37,-70,39
22,3228,12,25040,-49,-84,49
23,3232,-60,25152,-39,-37,84
24,3204,16,25144,-11,-35,33
25,3140,16,25116,-37,-60,26
26,3236,-44,25184,-18,-67,24
27,3180,-12,25176,-27,-60,18
28,3220,32,25216,-9,-51,64
29,3172,-32,25144,-43,-67,45
30,3248,-24,25044,-49,-44,43
31,3196,-48,25040,-16,-51,37
32,3224,-16,25092,-31,-21,53
33,3244,-20,25068,-27,-36,25
34,3276,24,25104,-38,-65,32
35,3288,-28,25264,-13,-63,30
36,3184,20,25176,-40,-52,45
37,3232,-40,25120,0,-47,58
38,3196,-12,25144,10,-54,52
39,3240,-28,25072,-14,-52,22
40,3184,-12,25124,-7,-60,17
41,3224,-52,25088,-19,-35,35
42,3140,12,25140,-36,-65,58
43,3236,8,25196,-33,-87,32
44,3216,-16,25144,-40,-83,13
45,3220,44,25192,-5,-62,17
46,3276,-4,25276,-13,-64,0
47,3180,-40,25188,-39,-61,57
48,3180,-8,25144,-15,-38,42
49,3232,-4,25188,-25,-66,29
50,3148,-44,25160,-28,-86,30
51,3236,-40,25052,-15,-82,35
52,3180,-16,25212,-23,-66,36
53,3256,-32,25180,-32,-57,68
54,3236,-64,25168,-36,-77,44
55,3268,-44,25220,-39,-30,66
56,3328,-44,25100,-19,-66,69
57,3000,28,25176,-3,-83,29
58,3464,-40,25088,-25,-97,53
59,3008,8,25296,-18,-73,-4
60,3340,8,25176,-35,-68,76
61,3256,-84,25136,-19,-35,62
62,3152,-28,25220,-27,-39,43
63,3188,-76,25156,-35,-45,37
64,3168,-80,25212,-30,-21,32
65,3192,-48,25148,-28,-63,0
66,3232,-64,25200,-52,-75,54
67,3152,28,25220,-9,-93,61
68,3268,8,25096,-6,-78,25
69,3160,32,25124,-19,-24,12
70,3316,0,25148,-15,-5,31
71,3092,20,25076,-23,-50,31
72,3376,-8,25100,-16,-79,24
73,3108,8,25248,-39,-36,35
74,3272,-84,25140,-8,-28,39
75,3136,-8,25216,-22,-70,18
76,3252,-60,25196,-40,-69,21
77,3152,-16,25292,-20,-8,41
78,3160,-20,25240,-26,-16,30
79,3236,12,25208,-16,-36,39
80,3184,4,25128,-22,-42,31
81,3208,-44,25204,-58,-27,26
82,3280,-32,25076,-24,-93,60
83,3264,-12,25112,-40,-90,-4
84,3212,40,25200,-13,-18,21
85,3280,-12,25180,-27,-67,42
86,3200,-8,25216,-18,-61,39
87,3168,-28,25152,-23,-76,27
88,3148,-24,25156,-24,-44,21
89,3152,40,25192,-36,-86,32
90,3236,-16,25124,-26,-41,40
91,3212,0,25140,-12,-5,39
92,3220,4,25168,-39,-37,46
93,3216,-44,25152,-21,-67,37
94,3224,-32,25184,-25,-75,55
95,3212,-104,25204,6,-61,41
96,3212,-44,25188,-36,-57,17
97,3268,20,25148,-43,-37,2
98,3264,12,25112,-36,-37,72
99,3224,20,25160,-19,-68,84
100,3188,-40,25128,-37,-70,51
101,3180,-4,25160,-22,-45,59
102,3228,-48,25168,-48,-77,66
103,3188,-48,25160,-24,-64,48
104,3168,-32,25172,-22,-43,47
105,3180,44,25136,-16,-24,31
106,3220,-36,25056,-32,-83,68
107,3172,8,25064,-11,-83,29
108,3176,-24,25212,-30,-57,29
109,3168,24,25164,-29,-68,27
110,3200,-28,25120,-33,-42,33
111,3276,-12,25136,2,-42,46
112,3136,-16,25204,-26,-50,22
113,3356,-36,25180,-13,-33,18
114,3224,40,25148,-26,-51,54
115,3240,-52,25128,-12,-89,56
116,3196,28,25112,-9,-57,37
117,3160,28,25104,-11,-50,69
118,3272,-32,25072,-4,-52,40
119,3220,8,25160,-39,-54,25
120,3128,-48,25236,5,-21,59
121,3340,-60,25204,-28,-82,24
122,3112,-24,25160,-3,-67,21
123,3168,-56,25108,-16,-44,42
124,3156,-52,25200,-45,-69,10
125,3212,8,25104,-11,-56,19
126,3228,-16,25252,-46,-31,44
127,3248,-12,25148,-20,-52,16
128,3200,-32,25204,-32,-68,48
129,3268,-68,25176,-11,-80,7
130,3180,-28,25192,-19,-69,59
131,3216,-64,25200,-45,-88,26
132,3248,-44,25188,-1,-54,58
133,3208,4,25204,-22,-53,57
134,3188,0,25164,-17,-58,84
135,3220,-16,25068,-16,-49,8
136,3164,8,25232,-2,-67,14
137,3236,-24,25192,-51,-58,53
138,3288,40,25060,-17,-36,71
139,3164,-44,25164,-25,-78,57
140,3304,4,25100,-17,-42,17
141,3152,-48,25140,3,-22,36
142,3276,-56,25208,-18,-45,42
143,3184,32,25144,-26,-32,38
144,3236,68,25176,-45,-54,72
145,3236,-36,25196,-38,-25,55
146,3260,0,25236,-31,-61,13
147,3148,36,25140,-36,-61,69
148,3244,-28,25128,-26,-55,41
149,3208,0,25048,-52,-71,54
150,3320,-28,25136,-30,-51,57
151,3248,4,25100,-19,-66,52
152,3212,16,25192,-10,-64,69
153,3248,-52,25152,-32,-65,56
154,3240,-8,25108,-30,-76,15
155,3240,-36,25168,-24,-67,19
156,3192,-28,25152,-29,-61,36
157,3240,32,25084,-55,-60,61
158,3168,-24,25060,-9,-47,38
159,3236,-48,25140,-1,-87,68
160,3240,44,25172,-25,-50,62
161,3288,-16,25284,-16,-25,54
162,3184,0,25132,2,-47,48
163,3260,-28,25220,-8,-37,49
164,3208,-40,25180,-5,-91,55
165,3252,-12,25096,-26,-51,45
166,3232,72,25072,-43,-80,61
167,3192,-36,25316,-17,-62,24
168,3216,-36,25188,-42,-58,45
169,3196,12,25200,-28,-62,39
170,3244,20,25164,-20,-64,22
171,3176,-32,25128,-39,-66,31
172,3212,8,25100,-17,-79,51
173,3264,4,25140,7,-69,8
174,3176,-8,25108,-33,-94,38
175,3204,-48,25132,-32,-59,39
176,3244,56,25116,-40,-48,16
177,3224,-20,25212,-30,-70,10
178,3260,-16,25216,-26,-59,74
179,3240,-12,25164,-24,-23,2
180,3160,-108,25136,-7,-40,8
181,3212,-24,25128,-5,-30,3
182,3200,20,25148,-20,-52,4
183,3208,-44,25084,-18,-14,44
184,3180,28,25280,-31,-36,7
185,3216,-36,25248,-30,-57,41
186,3220,-40,25204,-3,-75,14
187,3280,32,25180,-30,-16,48
188,3148,0,25180,-13,-51,16
189,3264,-48,25164,-28,-54,44
190,3184,12,25088,-11,-54,76
191,3232,-12,25168,-27,-34,59
192,3172,-32,25056,-27,-81,43
193,3260,0,25152,-49,-66,58
194,3180,-16,25160,-54,-65,15
195,3224,4,25172,-28,-57,36
196,3208,76,25156,-35,-57,27
197,3276,-8,25132,-11,-59,33
198,3240,4,25212,-32,-51,49
199,3224,24,25204,-14,-56,45
200,3172,-64,25228,-5,-49,41
201,3216,4,25156,-22,-66,43
202,3188,44,25072,-8,-49,57
203,3236,-12,25208,-7,-103,23
204,3248,16,25104,-4,-36,27
205,3224,28,25172,-46,-50,19
206,3200,-56,25232,-24,-54,46
207,3204,8,25204,-42,-59,22
208,3252,-72,25152,-15,10,32
209,3228,16,25256,-46,-50,52
210,3264,-60,25072,-21,-45,21
211,3176,-36,25232,-14,-54,9
212,3324,-40,25156,-17,-22,-3
213,3088,0,25168,5,-49,62
214,3252,-20,25188,-39,-36,31
215,3232,-76,25136,-68,44,23
216,3092,32,25180,-12,-31,66
217,3288,-156,25124,-57,-55,2
218,3112,-36,25112,-10,-45,72
219,3376,-20,25076,-30,-32,33
220,2988,-28,25204,-23,-50,36
221,3292,-84,25084,-24,-52,-13
222,3072,24,25148,-38,-74,47
223,3300,-20,25092,-23,-13,54
224,3120,-4,25136,-17,-53,37
225,3288,-28,25172,-31,-36,63
226,3060,-4,25252,4,-30,40
227,3276,20,25088,-31,-48,33
228,3144,16,25008,-10,-78,24
229,3236,20,25088,-42,-56,17
230,3128,-16,25176,-17,-61,53
231,3276,0,25140,-20,-46,1
232,3212,-36,25188,-13,-73,40
233,3140,32,25108,-22,-18,104
234,3168,0,25148,-12,-45,41
235,3240,20,25176,-41,-67,85
236,3164,-36,25128,-14,-65,35
237,3196,-44,25148,-31,-48,58
238,3212,-4,25224,-35,-40,22
239,3200,-64,25136,-45,-31,46
240,3260,-28,25148,-36,-29,35
241,3248,-12,25092,-20,-69,33
242,3272,-24,25128,-14,-69,36
243,3120,-48,25084,-11,-78,58
244,3188,-48,25196,-50,-56,29
245,3212,-4,25200,-20,-42,37
246,3260,-68,25108,-33,-77,32
247,3120,68,25128,-14,-48,20
248,3176,-8,25088,13,-63,49
249,3208,32,25152,-58,-86,54
250,3220,-64,25164,-8,-61,46
251,3212,-28,25152,-31,-37,38
252,3184,12,25112,-28,-57,27
253,3216,-64,25144,-12,-67,39
254,3180,-44,25208,-30,11,29
255,3184,12,25148,-19,-70,39
256,3156,-12,25152,-14,-42,26
257,3164,-24,25140,-34,-64,38
258,3180,-36,25224,-23,-47,59
259,3220,4,25044,-13,-81,47
260,3224,0,25176,-25,-61,10
261,3224,-32,25172,-28,-27,34
262,3236,44,25156,-41,-62,60
263,3184,-56,25172,-20,-41,38
264,3172,-32,25168,-23,-64,18
265,3256,-60,25116,-45,-28,53
266,3208,-28,25184,-53,-38,23
267,3240,-56,25060,-35,-73,59
268,3212,-12,25172,-21,-51,30
269,3172,-72,25156,-25,-29,21
270,3228,32,25212,-40,-73,40
271,3212,12,25148,-16,-40,63
272,3212,-16,25132,3,-49,58
273,3112,-8,25152,-19,-38,45
274,3216,-12,25148,-39,-78,65
275,3244,-60,25112,-42,-78,28
276,3144,-36,25172,-29,-79,35
277,3228,-40,25156,-7,-55,35
278,3228,-68,25092,-30,-59,45
279,3240,-24,25068,-28,-54,36
280,3264,-64,25240,-45,-84,33
281,3204,-76,25112,-32,-44,50
282,3280,-20,25196,-54,-100,36
283,3200,-44,25196,-19,-58,56
284,3216,-24,25220,-42,-52,57
285,3148,-36,25168,-26,-25,5
286,3236,-92,25160,13,-75,57
287,3216,-80,25144,-14,-61,0
288,3200,-64,25064,-34,-43,33
289,3184,-44,25180,-41,-56,34
290,3176,-100,25184,-14,-63,46
291,3160,4,25164,-28,-38,28
292,3224,-60,25136,1,-44,56
293,3160,24,25156,-28,-87,36
294,3184,8,25108,-63,-55,43
295,3140,-84,25208,-3,-39,47
296,3204,8,25204,-16,-67,49
297,3236,-24,25072,-21,-40,27
298,3208,16,25136,-33,-69,10
299,3256,-36,25160,-10,-47,23
300,3220,-20,25236,-14,-60,25
301,3140,-80,25220,-17,-50,37
302,3248,-64,25140,-21,-83,51
303,3244,-16,25100,-31,-37,42
304,3188,-28,25140,-37,-80,27
305,3208,-12,25112,-29,-47,86
306,3204,-12,25104,-4,-51,60
307,3216,-16,25184,-40,-87,46
308,3196,-20,25100,-1,-42,50
309,3196,12,25140,-14,-70,55
310,3224,-48,25220,-57,-56,35
311,3256,8,25148,-16,-51,46
312,3176,-8,25136,-27,-35,33
313,3196,20,25200,-52,-62,43
314,3184,-56,25240,-23,-65,71
315,3192,16,25100,-41,-72,29
316,3152,16,25120,-12,-88,49
317,3192,-4,25140,-31,-53,47
318,3216,-8,25096,-21,-45,45
319,3248,28,25220,-30,-82,26
320,3300,4,25168,-19,-37,37
321,3224,-64,25192,-5,-97,48
322,3220,-20,25132,-25,-70,46
323,3212,32,25148,-31,-72,46
324,3144,-40,25088,-32,-50,46
325,3148,12,25104,-31,-51,44
326,3256,-8,25152,-46,-38,64
327,3192,-16,25148,-39,-74,77
328,3192,-32,25196,-52,-55,50
329,3212,-12,25140,-13,-42,47
330,3220,-4,25080,-17,-57,-1
331,3236,-44,25184,-4,-65,53
332,3164,-64,25144,-15,-31,24
333,3180,-28,25160,-26,-70,48
334,3192,16,25120,-35,-40,38
335,3168,-64,25200,-38,-60,14
336,3196,0,25104,-22,-48,53
337,3232,-28,25120,-29,-62,15
338,3196,-96,25164,-45,-103,46
339,3236,-52,25160,-19,-61,29
340,3176,4,25176,-12,-82,34
341,3240,-40,25164,-8,-59,61
342,3220,4,25148,-35,-63,58
343,3276,-20,25224,-12,-49,8
344,3260,-100,25172,-28,-64,47
345,3248,12,25176,-55,-52,34
346,3152,12,25184,-19,-31,39
347,3184,-8,25144,-35,-40,97
348,3224,-36,25172,-38,-51,26
349,3192,0,25108,-12,-47,36
350,3168,32,25164,-39,-68,53
351,3196,-8,25168,-9,-79,44
352,3160,8,25024,-36,-66,27
353,3188,36,25128,-35,-63,57
354,3232,-36,25092,-26,-47,63
355,3160,-36,25164,-20,-45,21
356,3240,8,25184,-39,-53,12
357,3152,20,25224,-27,-27,0
358,3212,-68,25192,-59,-64,47
359,3200,-60,25232,-7,-54,39
360,3152,-36,25212,-46,-54,47
361,3224,-44,25144,-24,-91,57
362,3220,-48,25204,-18,-31,39
363,3228,-12,25208,-26,-48,74
364,3164,-16,25192,-34,-34,16
365,3228,-60,25248,5,-60,46
366,3216,-36,25084,-27,-20,57
367,3184,-20,25164,-23,-52,78
368,3220,-40,25096,-17,-69,39
369,3180,-36,25144,-25,-49,3
370,3228,-24,25088,-36,-36,33
371,3248,-52,25188,-28,-30,50
372,3212,-32,25132,-10,-59,40
373,3212,-8,25204,-40,-60,51
374,3136,-28,25144,-10,-33,16
375,3268,-24,25124,-11,-45,76
376,3200,-12,25096,-8,-55,29
377,3196,-32,25128,-36,-54,15
378,3224,-84,25148,-8,-78,61
379,3248,-40,25076,-32,-45,47
380,3224,-4,25100,-42,-83,9
381,3192,28,25124,-25,-76,11
382,3196,-28,25192,-27,-82,-2
383,3232,-36,25112,-19,-100,12
384,3168,-20,25144,-10,-62,51
385,3204,-36,25252,-20,-29,-10
386,3200,40,25132,-24,-71,65
387,3236,4,25168,-28,-65,51
388,3216,-16,25200,-17,-46,3
389,3180,-16,25104,-26,-75,58
390,3252,24,25160,-6,-77,24
391,3212,28,25116,-53,-53,61
392,3208,-12,25144,-16,-26,82
393,3168,24,25116,-23,-42,67
394,3172,-36,25140,16,-19,37
395,3220,-12,25112,-44,-64,39
396,3140,-20,25148,-5,-28,30
397,3188,-4,25204,-21,-28,39
398,3252,16,25068,-36,-44,55
399,3196,-20,25124,-17,-91,48
400,3220,-44,25172,-11,-49,39
401,3208,-44,25128,-1,-67,25
402,3216,-40,25108,-26,-72,52
403,3196,-64,25164,-9,-71,82
404,3188,0,25132,-16,-76,22
405,3164,4,25096,-55,-62,76
406,3192,20,25172,-17,-61,35
407,3260,-4,25184,-4,-47,66
408,3252,0,25132,-25,-43,63
409,3144,-32,25220,-38,-63,40
410,3268,-60,25164,-32,-78,42
411,3200,-24,25152,-49,-26,25
412,3212,-12,25168,-36,-47,44
413,3292,-16,25140,-6,-55,36
414,3296,16,25188,-30,-36,61
415,3152,-16,25176,-31,-55,60
416,3192,-20,25052,-33,-56,37
417,3160,-28,25136,-7,-82,45
418,3128,-48,25080,-12,-81,15
419,3216,-12,25100,-45,-85,32
420,3180,-32,25120,5,-49,50
421,3228,-32,25180,3,-54,40
422,3204,-24,25152,-33,-36,56
423,3232,-24,25088,-44,-27,64
424,3248,-20,25184,-25,-52,30
425,3256,-16,25152,-52,-52,55
426,3224,-44,25108,-38,-26,56
427,3200,-12,25168,-18,-52,12
428,3204,-52,25084,-43,-63,43
429,3216,20,25232,-20,-33,49
430,3192,64,25112,-33,-60,41
431,3220,-28,25176,-23,-71,30
432,3172,-12,25188,-8,-49,46
433,3192,28,25140,-37,-15,22
434,3228,-24,25084,-22,-66,19
435,3200,-44,25148,-42,-95,9
436,3196,32,25176,-29,-37,32
437,3260,-40,25160,-7,-80,36
438,3092,-60,25168,-46,-38,20
439,3164,52,25092,-32,-38,28
440,3176,-52,25116,-11,-51,61
441,3220,8,25184,-44,-81,25
442,3216,-52,25180,-26,-74,38
443,3228,-44,25236,-24,-74,24
444,3196,-4,25152,-6,-43,41
445,3208,-48,25224,-33,-55,47
446,3168,4,25212,18,-45,51
447,3212,-32,25152,-38,-44,30
448,3212,-28,25136,-46,-21,48
449,3208,-12,25148,-34,-56,63
450,3196,-32,25160,-31,-31,55
451,3212,-44,25148,-8,-44,55
452,3220,-64,25152,-51,-76,31
453,3180,-32,25144,-21,-31,58
454,3168,-8,25180,-19,-64,39
455,3260,-36,25180,-38,-55,31
456,3224,-36,25156,-11,-51,37
457,3208,12,25184,-33,-30,59
458,3228,-8,25208,2,-18,39
459,3192,-96,25196,-21,-49,27
460,3204,-32,25176,-33,-48,65
461,3208,12,25120,-23,-59,53
462,3168,-12,25060,-3,-70,35
463,3172,-60,25200,-33,-64,19
464,3264,0,25124,-34,-19,30
465,3244,-16,25172,-27,-65,20
466,3132,-20,25160,-20,-80,45
467,3204,-52,25164,-37,-61,53
468,3268,-88,25124,-47,-78,56
469,3272,-12,25116,-8,-60,49
470,3236,-12,25096,-18,-35,8
471,3228,-68,25156,-45,-57,64
472,3172,0,25112,-26,-59,59
473,3248,-28,25144,-41,-49,68
474,3240,8,25240,-21,-86,0
475,3240,-24,25092,-44,-78,72
476,3192,-24,25120,-21,-15,2
477,3220,16,25296,-31,-76,23
478,3156,-16,25176,-1,-47,43
479,3192,-16,25032,-18,-54,60
480,3220,-28,25124,-10,-45,41
481,3208,-36,25104,-23,-50,43
482,3224,-12,25208,-45,-50,24
483,3192,-12,25096,-5,-42,37
484,3256,-12,25100,-13,-61,28
485,3240,-8,25060,-15,-42,64
486,3240,0,25188,-44,-29,48
487,3220,-20,25140,-27,-56,88
488,3236,-52,25216,-27,-45,41
489,3236,-64,25088,4,-51,34
490,3196,4,25216,-35,-57,71
491,3136,-68,25128,-25,-81,51
492,3216,-16,25156,-12,-69,14
493,3196,-44,25056,-14,-25,67
494,3176,-40,25260,-20,-50,40
495,3208,-32,25172,-40,-43,58
496,3200,-4,25176,-25,-17,17
497,3260,-32,25132,-6,-36,34
498,3236,-32,25132,-33,-42,33
499,3232,-32,25096,-24,-24,37
500,3176,-80,25176,-26,-52,59
501,3180,-32,25136,-7,-81,27
502,3264,-32,25184,-26,-80,37
503,3224,-40,25156,-21,-22,48
504,3220,-48,25156,-35,-16,74
505,3236,-4,25184,-15,-57,34
506,3208,-20,25168,-32,-55,38
507,3256,-56,25092,-20,-48,20
508,3240,-16,25160,-48,-51,40
509,3156,-36,25012,-17,-64,40
510,3216,-48,25088,-11,-57,33
511,3168,-16,25092,-43,-45,23
512,3196,-40,25132,-19,-31,24
513,3156,-8,25148,-21,-60,35
514,3196,-100,25204,-10,-60,20
515,3160,32,25224,-38,-77,46
516,3224,-4,25164,-55,-56,40
517,3156,-68,25160,-14,-58,43
518,3224,-12,25220,-11,-29,54
519,3168,-8,25124,-20,-44,49
520,3260,-28,25164,-24,-35,27
521,3272,32,25172,-17,-67,43
522,3204,0,25208,-20,-74,25
523,3224,-28,25160,-35,-62,43
524,3184,-72,25172,-27,-64,75
525,3180,-4,25192,-36,-57,33
526,3144,12,25176,-18,-44,44
527,3224,-12,25076,-30,-49,54
528,3220,-36,25228,-1,-36,18
529,3228,8,25052,-20,-62,78
530,3160,-100,25084,-36,-49,26
531,3244,-60,25040,-26,-53,46
532,3216,16,25132,-26,-61,41
533,3208,-12,25060,-13,-71,39
534,3224,4,25180,-23,-41,41
535,3228,-8,25164,-21,-64,34
536,3200,-68,25080,3,-70,40
537,3200,-16,25096,-18,-53,47
538,3236,0,25064,-30,-41,45
539,3216,-12,25180,-32,-48,51
540,3180,36,25168,-35,-53,21
541,3192,-32,25080,-43,-50,38
542,3248,-60,25172,-18,-61,26
543,3200,-52,25180,-25,-42,12
544,3212,-16,25236,-17,-40,53
545,3192,4,25128,-26,-74,26
546,3148,32,25076,-18,-40,20
547,3196,-4,25104,-39,-29,54
548,3244,16,25184,-6,-54,26
549,3216,-28,25052,-36,-74,38
550,3136,-48,25236,-19,-60,37
551,3200,12,25204,-30,-65,45
552,3192,-12,25232,-11,-16,35
553,3136,-20,25124,-32,-68,31
554,3176,-40,25220,-30,-32,35
555,3232,-4,25116,-71,-39,43
556,3256,-32,25088,-10,-62,46
557,3236,-44,25180,-26,-40,75
558,3220,-12,25112,-18,-51,15
559,3248,-28,25240,-45,-46,11
560,3208,4,25184,-51,-46,21
561,3252,12,25216,-46,-61,62
562,3196,-20,25164,-36,-37,30
563,3192,20,25084,-49,-66,57
564,3196,16,25152,3,-52,30
565,3168,-48,25164,-40,-80,54
566,3228,-80,25112,-17,-41,20
567,3176,-24,25120,-14,-59,4
568,3200,-12,25260,-20,-59,44
569,3212,-24,25164,-23,-27,37
570,3252,-64,25240,-20,-69,8
571,3204,-48,25096,-34,-53,50
572,3228,-44,25132,-13,-63,64
573,3212,-56,25152,-41,-61,50
574,3216,-24,25168,-8,-55,32
575,3224,12,25096,5,-22,65
576,3196,8,25136,-44,-52,57
577,3248,-12,25204,-14,-84,72
578,3152,-100,25172,-21,-55,22
579,3256,0,25128,-42,-73,34
580,3228,-16,25120,-8,-45,29
581,3228,-40,25156,-3,-32,30
582,3220,24,25060,-31,-62,37
583,3216,-44,25092,-16,-67,53
584,3192,-8,25152,-13,-93,-2
585,3224,-20,25064,-16,-71,32
586,3224,-84,25148,-17,-60,51
587,3236,0,25080,-46,-71,47
588,3204,40,25040,-14,-17,38
589,3244,4,25220,-29,-24,10
590,3248,-44,25104,-24,-60,47
591,3156,-28,25232,-32,-53,31
592,3192,-68,25192,-26,-40,44
593,3212,-4,25088,-28,-62,25
594,3252,-44,25300,-1,-59,30
595,3172,-36,25160,-13,-61,50
596,3180,-28,25076,-34,-85,39
597,3176,-4,25084,-12,-49,65
598,3204,16,25140,-34,-8,47
599,3196,-44,25148,-18,-64,59
600,3184,48,25128,-9,-41,44
601,3196,-20,25196,-49,-47,24
602,3168,-36,25056,-16,-40,46
603,3208,16,25188,-19,-50,58
604,3184,-80,25056,-29,-41,31
605,3108,-48,25112,-11,-76,76
606,3216,-12,25204,-33,-29,24
607,3204,-80,25172,-2,-47,46
608,3212,-8,25080,-11,-49,12
609,3240,-12,25184,-31,-45,41
610,3184,-44,25136,-37,-45,29
611,3160,-20,25164,-17,-39,32
612,3104,24,25152,-37,-31,10
613,3192,-28,25120,-37,-27,54
614,3260,-52,25108,-45,-61,57
615,3172,-56,25168,-12,-46,36
616,3232,24,25124,-11,-65,60
617,3212,16,25196,-6,-56,38
618,3220,-16,25248,-41,-37,24
619,3208,12,25144,0,-47,28
620,3188,-32,25208,-20,-65,37
621,3176,36,25044,-14,-81,17
622,3220,8,25188,-11,-22,13
623,3184,40,25180,-16,-66,27
624,3220,-12,25152,-17,-52,37
625,3204,-56,25172,-54,-54,24
626,3176,-24,25176,-60,-58,61
627,3188,-20,25236,-19,-70,13
628,3256,-12,25160,-24,-91,-2
629,3172,-48,25140,-13,-46,48
630,3180,20,25124,-29,-42,45
631,3188,-52,25128,-26,-41,52
632,3228,-56,25156,-12,-32,29
633,3232,4,25084,4,-46,42
634,3224,-20,25136,-21,-82,59
635,3248,-36,25120,-27,-33,52
636,3248,-20,25152,-19,-47,55
637,3220,-12,25252,-50,-48,70
638,3232,-48,25164,-53,-63,39
639,3184,-32,25076,-23,-61,5
640,3172,-28,25152,-9,-63,61
641,3208,-32,25124,-37,-71,-7
642,3224,64,25172,-31,-50,48
643,3156,-40,25152,-31,-42,20
644,3192,-8,25088,-32,-66,65
645,3164,-32,25172,-4,-57,18
646,3200,-8,25152,-40,-46,31
647,3236,0,25160,-29,-43,58
648,3232,-8,25160,-37,-37,66
649,3228,0,25216,-42,-68,52
650,3212,-48,25132,-3,-55,59
651,3232,-8,25224,-20,-36,78
652,3216,-52,25188,-15,-52,34
653,3164,-24,25120,-23,-64,34
654,3132,-56,25120,-21,-17,15
655,3176,-44,25164,-16,-44,41
656,3208,-76,25172,-54,-41,24
657,3236,20,25200,-21,-54,41
658,3196,16,25160,-40,-45,46
659,3264,-8,25188,-37,-76,36
660,3212,-40,25200,-36,-58,31
661,3228,8,25196,-40,-62,29
662,3168,-40,25156,-20,-37,26
663,3188,-28,25232,-28,-96,43
664,3196,20,25112,-19,-69,54
665,3192,-12,25180,-37,-77,28
666,3216,-64,25240,-33,-66,13
667,3248,-68,25080,-14,-64,45
668,3248,-36,25152,-34,-58,41
669,3208,-56,25124,-27,-46,40
670,3220,-56,25184,-26,-75,81
671,3208,-64,25104,-19,-56,24
672,3216,-64,25200,-29,-48,62
673,3132,-24,25028,-10,-48,52
674,3212,-40,25180,-38,-14,52
675,3212,-32,25188,-25,-80,55
676,3232,8,25152,-39,-57,60
677,3176,12,25164,-35,-67,40
678,3220,16,25184,-29,-36,-11
679,3256,12,25172,-9,-35,45
680,3272,-40,25176,-39,-74,36
681,3196,-20,25224,-42,-36,50
682,3224,36,25100,-34,-63,-6
683,3188,52,25056,-17,-63,20
684,3184,-20,25144,-38,-44,51
685,3268,-36,25220,-58,-70,28
686,3180,-16,25144,-32,-40,49
687,3208,12,25112,-31,-62,25
688,3212,-28,25084,-36,-47,76
689,3252,-20,25108,-7,-46,47
690,3188,-28,25164,-14,-74,70
691,3256,-76,25152,-56,-67,43
692,3148,-16,25228,-31,-34,40
693,3192,-68,25092,-25,-60,43
694,3248,-48,25132,0,-29,13
695,3260,4,25148,-21,-36,67
696,3232,-44,25156,-29,-52,44
697,3232,-28,25184,-35,-62,54
698,3192,-16,25128,-22,-60,27
699,3196,0,25156,-47,-59,8
700,3240,8,25100,-24,-31,35
701,3148,-88,25104,-40,-53,36
702,3204,0,25184,8,-46,34
703,3180,-28,25092,0,-44,70
704,3200,0,25180,-22,-56,72
705,3240,-12,25172,-34,-61,29
706,3216,8,25200,24,-80,30
707,3164,-20,25196,-14,-55,41
708,3192,-60,25128,-30,-47,25
709,3180,-44,25164,-55,-11,6
710,3196,-4,25176,-20,-67,63
711,3204,-64,25216,-38,-24,57
712,3228,8,25176,-31,-56,27
713,3252,16,25220,-19,-56,34
714,3192,-52,25064,-60,-59,72
715,3224,8,25104,-12,-60,71
716,3252,-36,25168,-36,-43,34
717,3200,16,25236,1,-23,1
718,3180,-36,25088,-33,-72,23
719,3260,40,25152,-33,-76,46
720,3232,-12,25172,-25,-59,65
721,3184,8,25164,-6,-53,40
722,3200,-12,25240,-7,-66,68
723,3176,0,25120,-43,-47,62
724,3156,-40,25168,-25,-46,32
725,3188,-28,25196,-25,-39,44
726,3228,-48,25128,-41,-39,30
727,3260,16,25196,1,-49,59
728,3212,-64,25200,-40,-38,50
729,3164,-28,25116,-20,-42,48
730,3176,4,25184,-35,-52,33
731,3244,-64,25164,-19,-54,12
732,3252,-8,25068,-27,-43,40
733,3220,-28,25200,-27,-63,19
734,3204,28,25132,-25,-68,17
735,3196,-92,25164,-41,-57,19
736,3212,-72,25112,-26,-56,17
737,3208,-68,25136,-33,-69,61
738,3228,-32,25104,-3,-42,34
739,3216,-8,25216,-26,-73,43
740,3196,-8,25176,-44,-53,39
741,3224,-8,25112,-12,-66,61
742,3192,-28,25124,-47,-60,52
743,3256,-8,25088,-10,-66,56
744,3220,8,25052,-5,-47,16
745,3280,40,25216,-31,-53,63
746,3248,-28,25128,-41,-30,33
747,3208,-56,25168,-21,-44,36
748,3164,-32,25188,-35,-53,54
749,3188,-48,25144,1,-61,24
750,3224,-8,25112,-40,-41,20
751,3196,-8,25084,-39,-71,32
752,3168,-36,25108,-28,-88,1
753,3144,16,25248,-24,-47,26
754,3212,-68,25144,-27,-66,51
755,3240,-44,25092,-18,-57,54
756,3184,-60,25160,0,-83,35
757,3260,-32,25152,-50,-35,16
758,3168,-84,25008,-12,-28,42
759,3180,-12,25196,-19,-62,34
760,3264,-40,25116,-45,-36,19
761,3220,-4,25120,-27,-38,24
762,3220,-120,25132,-24,-33,52
763,3212,-24,25164,-63,-56,23
764,3212,-20,25192,-38,-29,11
765,3208,-16,25152,-9,-78,38
766,3236,-28,25156,-30,-54,41
767,3200,16,25208,-30,-62,67
768,3192,-36,25152,-17,-54,78
769,3216,-52,25216,-32,-67,72
770,3204,-44,25284,-31,-52,1
771,3220,-20,25164,-27,-51,22
772,3248,-44,25148,-27,-54,65
773,3224,-56,25132,-24,-52,47
774,3192,-48,25124,-48,-64,12
775,3180,36,25128,-27,-57,31
776,3232,-4,25136,-8,-67,22
777,3220,-24,25216,-24,-57,43
778,3208,-88,25144,-10,-53,15
779,3208,-56,25104,-32,-73,67
780,3224,-48,25040,-8,-46,39
781,3232,44,25136,-50,-36,20
782,3256,-20,25148,-56,-39,55
783,3256,-4,25068,-31,-59,20
784,3164,-72,25128,-52,-71,77
785,3196,-72,25124,15,-39,26
786,3236,-60,25152,-22,-38,17
787,3204,-12,25136,-26,-50,31
788,3232,-8,25176,-14,-36,87
789,3208,-56,25140,-10,-45,53
790,3244,-32,25160,1,-58,34
791,3264,-8,25132,7,-43,21
792,3216,-16,25128,-24,-67,44
793,3260,-96,25056,-34,-49,25
794,3200,-20,25128,-26,-38,34
795,3136,-52,25140,-31,-44,50
796,3248,-76,25088,-38,-73,42
797,3232,-28,25144,-10,-14,46
798,3212,-4,25084,-31,-37,36
799,3136,-76,25148,-26,-35,21
800,3240,-28,25148,2,-32,56
801,3208,-56,25100,-22,-43,9
802,3228,-44,25208,-40,-72,50
803,3180,-8,25172,-12,-65,13
804,3232,-36,25144,-16,-52,24
805,3156,-64,25060,-13,2,26
806,3200,40,25064,-21,-65,37
807,3180,4,25156,-28,-43,23
808,3188,-28,25184,-46,-64,31
809,3240,28,25096,-26,-71,47
810,3176,0,25228,-49,-55,48
811,3192,16,25080,-9,-47,53
812,3232,0,25120,-29,-62,48
813,3164,24,25140,-37,-61,33
814,3188,-12,25160,-45,-76,15
815,3208,20,25168,-34,-59,25
816,3224,-80,25236,-31,-59,30
817,3252,-60,25132,-18,-64,42
818,3160,-60,25176,-41,-73,52
819,3196,-8,25188,-35,-54,50
820,3224,-56,25092,-18,-35,38
821,3200,-84,25144,-8,-54,32
822,3220,-32,25056,-17,-44,61
823,3224,20,25140,-31,-26,62
824,3164,-72,25140,-21,-18,49
825,3240,32,25116,-23,-61,29
826,3260,-8,25096,-11,-55,36
827,3248,44,25164,-60,-63,21
828,3220,8,25196,-15,-65,52
829,3252,-48,25120,-41,-52,68
830,3172,-20,25116,-32,-60,57
831,3248,-48,25172,-33,-66,40
832,3196,-44,25152,-34,-47,44
833,3156,-16,25120,-15,-61,38
834,3200,-40,25088,-31,-68,38
835,3232,-60,25176,-37,-40,68
836,3188,-28,25204,-13,-61,45
837,3184,-44,25116,-16,-42,19
838,3244,16,25188,-2,-47,49
839,3164,-4,25152,-45,-43,25
840,3236,20,25108,-80,-43,38
841,3228,-48,25092,-29,-57,46
842,3168,24,25060,11,-46,30
843,3176,-72,25132,-20,-45,40
844,3200,8,25224,-28,-46,45
845,3216,-16,25228,-15,-59,40
846,3228,-20,25164,-12,-79,57
847,3228,-36,25112,-32,-28,64
848,3220,-32,25208,-43,-27,83
849,3212,12,25220,-31,-53,54
850,3224,24,24988,-51,-80,60
851,3148,-20,25140,-1,-46,46
852,3148,-28,25144,-44,-42,42
853,3180,-4,25180,-23,-93,17
854,3208,32,25212,-20,-50,49
855,3160,-52,25156,-14,-54,21
856,3256,4,25200,-24,-73,42
857,3216,-20,25168,-34,-35,36
858,3192,-48,25120,-31,-49,9
859,3192,-48,25100,-11,-92,64
860,3224,-40,25120,-13,-50,41
861,3248,-24,25208,-41,-36,44
862,3196,-12,25096,-34,-61,81
863,3212,-40,25128,-17,-53,45
864,3184,-60,25220,-36,-53,12
865,3192,-40,25100,-10,-55,29
866,3220,0,25240,-13,-70,45
867,3224,-52,25064,-25,-63,57
868,3156,-4,25208,-16,-46,35
869,3212,24,25164,-22,-54,36
870,3188,-16,25160,-39,-77,39
871,3188,48,25196,-10,-37,60
872,3140,-36,25196,-32,-66,45
873,3256,32,25104,-6,-33,50
874,3148,20,25136,-8,-75,35
875,3192,-12,25124,-9,-80,32
876,3232,-36,25124,-57,-70,39
877,3168,-56,25136,-35,-70,57
878,3228,-48,25160,-13,-59,39
879,3152,-72,25132,-38,-61,54
880,3240,-4,25160,-48,-52,21
881,3164,-48,25136,-12,-35,44
882,3200,-36,25064,-21,-37,33
883,3196,-40,25116,-18,-79,34
884,3240,-16,25188,-19,-53,37
885,3212,12,25076,-37,-60,33
886,3180,32,25128,-24,-55,42
887,3204,-12,25044,-31,-67,23
888,3172,-32,25128,-11,-77,38
889,3192,-48,25044,-28,-49,23
890,3220,-44,25168,-34,-56,40
891,3236,-32,25108,-8,-75,58
892,3300,-28,25168,-7,-38,32
893,3240,16,25124,-15,-47,37
894,3236,-8,25088,-28,-51,70
895,3200,-52,25100,-21,-49,25
896,3228,-4,25124,-23,-71,31
897,3200,-32,25140,-57,-59,46
898,3232,-36,25192,-9,-86,28
899,3224,-44,25192,-18,-61,28
900,3160,-80,25164,-29,-66,21
901,3188,-32,25136,-17,-100,29
902,3300,-24,25112,-38,-36,18
903,3160,28,25068,-25,-16,33
904,3244,0,25056,-30,-51,38
905,3192,-64,25192,-25,-63,8
906,3296,0,25096,-36,-62,28
907,3200,-108,25172,-34,-40,20
908,3220,-56,25132,-31,-63,61
909,3200,-16,25176,-10,-81,39
910,3240,-16,25080,-27,-60,19
911,3196,-24,25068,-30,-63,35
912,3224,-56,25092,-23,-36,34
913,3224,-72,25220,-6,-49,59
914,3224,-108,25112,-18,-87,66
915,3216,-32,25204,-37,-46,26
916,3200,-92,25096,-1,-60,24
917,3188,20,25124,-37,-56,18
918,3180,12,25092,-48,-53,46
919,3152,-24,25124,-19,-45,18
920,3248,20,25188,-17,-56,48
921,3248,-28,25104,-23,-21,48
922,3220,-56,25132,-33,-44,65
923,3192,-64,25088,-17,-93,45
924,3184,-12,25176,-22,-48,48
925,3228,-60,25120,-34,-53,50
926,3172,8,25132,-25,-51,44
927,3256,-4,25216,-11,-45,78
928,3208,36,25088,-32,-56,20
929,3240,8,25152,-47,-44,16
930,3192,-36,25052,-16,-63,70
931,3200,4,25168,-44,-40,47
932,3204,0,25140,-10,-51,56
933,3232,-68,25116,-55,-15,63
934,3256,-24,25144,-41,-53,45
935,3208,-44,25120,-35,-63,46
936,3156,-84,25124,-10,-60,29
937,3196,-24,25088,-20,-35,35
938,3236,-24,25220,-34,-65,36
939,3164,0,25144,-14,-30,18
940,3156,0,25176,-40,-65,42
941,3240,-32,25124,-12,-79,66
942,3224,32,25100,-20,-41,16
943,3136,24,25100,-10,-71,19
944,3224,-48,25220,-19,-29,24
945,3248,-60,25160,-17,-37,7
946,3272,20,25080,-34,-67,21
947,3188,-4,25164,-14,-28,33
948,3248,-12,25140,-18,-77,41
949,3220,20,25120,-10,-50,12
950,3240,-12,25140,-32,-61,62
951,3252,-28,25224,-26,-67,10
952,3236,-60,25224,6,-61,48
953,3232,-32,25180,-23,-46,58
954,3264,52,25088,-27,-43,12
955,3216,-64,25144,-24,-59,15
956,3192,-36,25160,-38,-62,7
957,3252,-20,25188,-23,-33,41
958,3208,8,25168,-33,-48,65
959,3208,-100,25216,-56,-51,36
960,3192,12,25164,-36,-53,33
961,3200,-44,25048,-26,-75,40
962,3164,0,25104,-39,-45,15
963,3232,-12,25152,-7,-60,54
964,3248,-16,25132,-21,-45,52
965,3248,-8,25148,-22,-49,58
966,3204,-4,25072,-41,-53,29
967,3140,-4,25100,-26,-28,52
968,3216,-72,25088,-30,-70,9
969,3200,-52,25144,-26,-36,38
970,3120,-92,25076,6,-50,33
971,3184,-4,25172,-29,-62,59
972,3172,-12,25128,-11,-33,13
973,3220,8,25080,-27,-77,1
974,3264,-32,25148,-28,-61,25
975,3188,-44,25200,-38,-65,34
976,3248,-44,25084,-29,-56,46
977,3176,16,25176,-18,-65,1
978,3216,-76,25176,-56,-28,40
979,3244,-20,25212,-35,-51,60
980,3200,-24,25156,-30,-50,66
981,3220,4,25108,-23,-45,39
982,3172,-48,25148,-31,-36,59
983,3180,4,25208,-10,-54,61
984,3240,-48,25128,-23,-45,65
985,3224,8,25024,-32,-34,69
986,3212,-64,25180,-45,-75,22
987,3212,-56,25100,-32,-74,36
988,3196,-8,25120,-18,-30,32
989,3224,-36,25096,-27,-55,57
990,3244,44,25104,-25,-58,48
991,3216,-40,25060,-46,-44,33
992,3196,-40,25152,-39,-71,17
993,3144,-40,25208,-1,-69,81
994,3204,-32,25132,2,-66,44
995,3200,-4,25072,-38,-72,52
996,3244,-32,25172,-28,-65,39
997,3260,-80,25172,-3,-47,51
998,3184,-24,25208,-46,-39,44
999,3184,12,25196,-38,-67,24
1000,3160,-56,25096,-18,-47,47
